INSERT INTO department(dname)
VALUES("CompSci");

INSERT INTO department(dname)
VALUES("English");

INSERT INTO department(dname)
VALUES("Math");

INSERT INTO department(dname)
VALUES("Biology");

INSERT INTO department(dname)
VALUES("Chemistry");

INSERT INTO department(dname)
VALUES("Theater");

INSERT INTO department(dname)
VALUES("Linguistics");

INSERT INTO department(dname)
VALUES("Psychology");

INSERT INTO department(dname)
VALUES("Law");

INSERT INTO department(dname)
VALUES("Engineering");

INSERT INTO staff(sname, deptid)
VALUES("Blaze Finland", 5);

INSERT INTO staff(sname, deptid)
VALUES("Tori Mariano", 7);

INSERT INTO staff(sname, deptid)
VALUES("Jackson Pawlak", 2);

INSERT INTO staff(sname, deptid)
VALUES("Pablo Picasso", 10);

INSERT INTO staff(sname, deptid)
VALUES("Johnny Applesauce", 8);

INSERT INTO staff(sname, deptid)
VALUES("Sam Well", 3);

INSERT INTO staff(sname, deptid)
VALUES("Ginger Snap", 5);

INSERT INTO staff(sname, deptid)
VALUES("Babyback Ribs", 1);

INSERT INTO staff(sname, deptid)
VALUES("Hyung Nim", 6);

INSERT INTO staff(sname, deptid)
VALUES("Tae Young", 3);

INSERT INTO staff(sname, deptid)
VALUES("Kim Namjoon", 8);

INSERT INTO staff(sname, deptid)
VALUES("Childe Tartaglia", 9);

INSERT INTO staff(sname, deptid)
VALUES("Yoyo Ma", 6);

INSERT INTO staff(sname, deptid)
VALUES("Betty Boop", 4);

INSERT INTO staff(sname, deptid)
VALUES("Nathon Filion" ,9);

INSERT INTO staff(sname, deptid)
VALUES("Armin Arlet", 7);

INSERT INTO staff(sname, deptid)
VALUES("Eren Jaeger", 10);

INSERT INTO staff(sname, deptid)
VALUES("Sasha Braust", 1);

INSERT INTO staff(sname, deptid)
VALUES("Mikasa Akerman", 4);

INSERT INTO staff(sname, deptid)
VALUES("Bubble Tea", 2);

INSERT INTO faculty(fname, deptid)
VALUES("Peter Parker", 4);

INSERT INTO faculty(fname, deptid)
VALUES("Thanos", 5);

INSERT INTO faculty(fname, deptid)
VALUES("Bruce Wayne", 1);

INSERT INTO faculty(fname, deptid)
VALUES("Adrian Toomes", 10);

INSERT INTO faculty(fname, deptid)
VALUES("Otto Octavius", 2);

INSERT INTO faculty(fname, deptid)
VALUES("Flint Marko", 9);

INSERT INTO faculty(fname, deptid)
VALUES("Eddie Brock", 7);

INSERT INTO faculty(fname, deptid)
VALUES("Cletus Kasady", 3);

INSERT INTO faculty(fname, deptid)
VALUES("Tony Stark", 8);

INSERT INTO faculty(fname, deptid)
VALUES("Walt Disney", 6);

INSERT INTO faculty(fname, deptid)
VALUES("Michelangelo", 1);

INSERT INTO faculty(fname, deptid)
VALUES("Raphael", 4);

INSERT INTO faculty(fname, deptid)
VALUES("Leonardo", 9);

INSERT INTO faculty(fname, deptid)
VALUES("Donatello", 6);

INSERT INTO faculty(fname, deptid)
VALUES("Splinter", 8);

INSERT INTO faculty(fname, deptid)
VALUES("Jadon Morgan", 7);

INSERT INTO faculty(fname, deptid)
VALUES("Nylah Bates", 2);

INSERT INTO faculty(fname, deptid)
VALUES("Casey Petty", 10);

INSERT INTO faculty(fname, deptid)
VALUES("Alena Love", 3);

INSERT INTO faculty(fname, deptid)
VALUES("Mateo Case", 5);

INSERT INTO student(sname, major, s_level, age)
VALUES("Simon Cowell", "Biology", "Freshman", 18);

INSERT INTO student(sname, major, s_level, age)
VALUES("Jasmine May", "CompSci", "Junior", 24);

INSERT INTO student(sname, major, s_level, age)
VALUES("Britney Spears", "Biology", "Sophomore", 20);

INSERT INTO student(sname, major, s_level, age)
VALUES("Sam Well", "Engineering", "Junior", 23);

INSERT INTO student(sname, major, s_level, age)
VALUES("Chris Hansen", "Chemistry", "Senior", 24);

INSERT INTO student(sname, major, s_level, age)
VALUES("Dwight Howard", "CompSci", "Junior", 22);

INSERT INTO student(sname, major, s_level, age)
VALUES("Braden Smith","English", "Junior", 21);

INSERT INTO student(sname, major, s_level, age)
VALUES("Lucas Mann", "Chemistry", "Sophomore", 19);

INSERT INTO student(sname, major, s_level, age)
VALUES("Jake Broski", "Biology", "Freshman", 19);

INSERT INTO student(sname, major, s_level, age)
VALUES("Samantha Hill", "CompSci", "Junior", 23);

INSERT INTO student(sname, major, s_level, age)
VALUES("Bill Cosby", "Engineering", "Senior", 23);

INSERT INTO student(sname, major, s_level, age)
VALUES("Mollie Adams", "Chemistry", "Junior", 24);

INSERT INTO student(sname, major, s_level, age)
VALUES("Seamus Landry", "CompSci", "Senior", 25);

INSERT INTO student(sname, major, s_level, age)
VALUES("Tobey Maguire", "Biology", "Senior", 26);

INSERT INTO student(sname, major, s_level, age)
VALUES("Jaydon Lucas", "Chemistry", "Freshman", 19);

INSERT INTO student(sname, major, s_level, age)
VALUES("Julien Dalton", "Engineering", "Sophomore", 20);

INSERT INTO student(sname, major, s_level, age)
VALUES("Trent Dudley", "CompSci", "Junior", 22);

INSERT INTO student(sname, major, s_level, age)
VALUES("Caiden Graham", "English", "Senior", 24);

INSERT INTO student(sname, major, s_level, age)
VALUES("Deangelo Luna", "Chemistry", "Junior", 24);

INSERT INTO student(sname, major, s_level, age)
VALUES("Jayden Nunez", "Engineering", "Freshman", 24);

INSERT INTO student(sname, major, s_level, age)
VALUES("Tess Shaffer", "Law", "Sophomore", 22);

INSERT INTO student(sname, major, s_level, age)
VALUES("Aaron Lane", "Law", "Freshman", 21);

INSERT INTO student(sname, major, s_level, age)
VALUES("Sonny Cisneros", "CompSci", "Sophomore", 23);

INSERT INTO student(sname, major, s_level, age)
VALUES("Terrance Benson", "Linguistics", "Junior", 23);

INSERT INTO student(sname, major, s_level, age)
VALUES("Fletcher Melton", "CompSci", "Senior", 23);

INSERT INTO student(sname, major, s_level, age)
VALUES("Nash Singleon", "Linguistics", "Senior", 24);

INSERT INTO student(sname, major, s_level, age)
VALUES("Denzen Ortiz", "Law", "Junior", 22);

INSERT INTO student(sname, major, s_level, age)
VALUES("Maurice Rosario", "Math", "Sophomore", 20);

INSERT INTO student(sname, major, s_level, age)
VALUES("Saniyah Winters", "Psychology", "Freshman", 18);

INSERT INTO student(sname, major, s_level, age)
VALUES("Sterling Perez", "CompSci", "Senior", 23);

INSERT INTO student(sname, major, s_level, age)
VALUES("Marques Elliott", "Engineering", "Junior", 21);

INSERT INTO student(sname, major, s_level, age)
VALUES("Arianna Yu", "Math", "Freshman", 19);

INSERT INTO student(sname, major, s_level, age)
VALUES("Malik Blanchard", "English", "Sophomore", 19);

INSERT INTO student(sname, major, s_level, age)
VALUES("Nolan Melton", "Law", "Junior", 21);

INSERT INTO student(sname, major, s_level, age)
VALUES("Mekhi Obrien", "Chemistry", "Senior", 21);

INSERT INTO student(sname, major, s_level, age)
VALUES("Fletcher Mathis", "Biology", "Senior", 23);

INSERT INTO student(sname, major, s_level, age)
VALUES("Cameron Underwood", "CompSci", "Junior", 26);

INSERT INTO student(sname, major, s_level, age)
VALUES("Ruben Yates", "Engineering", "Freshman", 20);

INSERT INTO student(sname, major, s_level, age)
VALUES("Alexzander Lindsey", "Psychology", "Senior", 25);

INSERT INTO student(sname, major, s_level, age)
VALUES("Kaleigh Fletcher", "Linguistics", "Sophomore", 20);

INSERT INTO student(sname, major, s_level, age)
VALUES("Averi Ryan", "Law", "Junior", 21);

INSERT INTO student(sname, major, s_level, age)
VALUES("Johnny Clark", "Math", "Senior", 26);

INSERT INTO student(sname, major, s_level, age)
VALUES("Tristen Irwin", "Engineering", "Junior", 23);

INSERT INTO student(sname, major, s_level, age)
VALUES("Lilyana Sawyer", "English", "Freshman", 18);

INSERT INTO student(sname, major, s_level, age)
VALUES("Douglas Pollard", "CompSci", "Sophomore", 19);

INSERT INTO student(sname, major, s_level, age)
VALUES("Chad Forbes", "Biology", "Junior", 20);

INSERT INTO student(sname, major, s_level, age)
VALUES("Stephen Lowe", "Psychology", "Junior", 21);

INSERT INTO student(sname, major, s_level, age)
VALUES("Kennedi Heath", "Linguistics", "Sophomore", 19);

INSERT INTO student(sname, major, s_level, age)
VALUES("Payton Chase", "Engineering", "Sophomore", 20);

INSERT INTO student(sname, major, s_level, age)
VALUES("Alexzander Mcguire", "Law", "Junior", 20);

INSERT INTO student(sname, major, s_level, age)
VALUES("Ian Haynes", "Chemistry", "Junior", 22);

INSERT INTO student(sname, major, s_level, age)
VALUES("Ibrahim Brown", "Theater", "Sophomore", 24);

INSERT INTO student(sname, major, s_level, age)
VALUES("Phoenix Maynard", "Linguistics", "Sophomore", 23);

INSERT INTO student(sname, major, s_level, age)
VALUES("Asa Brennan", "Math", "Freshman", 21);

INSERT INTO student(sname, major, s_level, age)
VALUES("Dexter Kane", "Engineering", "Senior", 24);

INSERT INTO student(sname, major, s_level, age)
VALUES("Courtney Swanson", "Theater", "Sophomore", 25);

INSERT INTO student(sname, major, s_level, age)
VALUES("Riley Myers", "English", "Freshman", 18);

INSERT INTO student(sname, major, s_level, age)
VALUES("Penelope Lam", "Law", "Junior", 24);

INSERT INTO student(sname, major, s_level, age)
VALUES("Aryan Greer", "Engineering", "Sophomore", 21);

INSERT INTO student(sname, major, s_level, age)
VALUES("Renee Oconnell", "Biology", "Freshman", 21);

INSERT INTO student(sname, major, s_level, age)
VALUES("Dangelo Reilly", "Linguistics", "Sophomore", 23);

INSERT INTO student(sname, major, s_level, age)
VALUES("Denisse Chambers", "Chemistry", "Freshman", 20);

INSERT INTO student(sname, major, s_level, age)
VALUES("Meadow Schultz", "Biology", "Sophomore", 19);

INSERT INTO student(sname, major, s_level, age)
VALUES("Jensen Barber", "Math", "Freshman", 24);

INSERT INTO student(sname, major, s_level, age)
VALUES("Jazlynn Welch", "Psychology", "Senior", 27);

INSERT INTO student(sname, major, s_level, age)
VALUES("Jayden Barker", "Math", "Freshman", 19);

INSERT INTO student(sname, major, s_level, age)
VALUES("Anabel Paul", "Law", "Senior", 23);

INSERT INTO student(sname, major, s_level, age)
VALUES("Braylen Copeland", "English", "Sophomore", 22);

INSERT INTO student(sname, major, s_level, age)
VALUES("Cassidy Thomas", "Psychology", "Freshman", 19);

INSERT INTO student(sname, major, s_level, age)
VALUES("Cristopher Stevens", "Linguistics", "Senior", 22);

INSERT INTO student(sname, major, s_level, age)
VALUES("August Carter", "Math", "Junior", 22);

INSERT INTO student(sname, major, s_level, age)
VALUES("Kenneth Oconnor", "Psychology", "Sophomore", 21);

INSERT INTO student(sname, major, s_level, age)
VALUES("Bethany Oliver", "Chemistry", "Senior", 24);

INSERT INTO student(sname, major, s_level, age)
VALUES("Hailey Olson", "Linguistics", "Freshman", 21);

INSERT INTO student(sname, major, s_level, age)
VALUES("Karina Mann", "English", "Junior", 21);

INSERT INTO student(sname, major, s_level, age)
VALUES("Will Osborn", "Law", "Sophomore", 19);

INSERT INTO student(sname, major, s_level, age)
VALUES("Jaden Houston", "Math", "Freshman", 19);

INSERT INTO student(sname, major, s_level, age)
VALUES("Amare Daniels", "Psychology", "Freshman", 40);

INSERT INTO student(sname, major, s_level, age)
VALUES("Lucas Mann", "Math", "Junior", 23);

INSERT INTO student(sname, major, s_level, age)
VALUES("Jaden Houston", "Linguistics", "Sophomore", 21);

INSERT INTO student(sname, major, s_level, age)
VALUES("Cael Porter", "Theater", "Senior", 22);

INSERT INTO student(sname, major, s_level, age)
VALUES("Jase Sanchez", "Psychology", "Sophomore", 21);

INSERT INTO student(sname, major, s_level, age)
VALUES("Alana Levine", "Math", "Junior", 21);

INSERT INTO student(sname, major, s_level, age)
VALUES("Colt Rivera", "Biology", "Senior", 21);

INSERT INTO student(sname, major, s_level, age)
VALUES("Catherine Clayton", "English", "Freshman", 21);

INSERT INTO student(sname, major, s_level, age)
VALUES("Finley Brock", "Law", "Freshman", 18);

INSERT INTO student(sname, major, s_level, age)
VALUES("Myla Norris", "Theater", "Sophomore", 20);

INSERT INTO student(sname, major, s_level, age)
VALUES("Lillian Kirby", "Psychology", "Senior", 24);

INSERT INTO student(sname, major, s_level, age)
VALUES("Cassie Dalton", "Theater", "Freshman", 20);

INSERT INTO student(sname, major, s_level, age)
VALUES("Cory Kelley", "Linguistics", "Sophomore", 21);

INSERT INTO student(sname, major, s_level, age)
VALUES("Zion Herring", "Theater", "Senior", 21);

INSERT INTO student(sname, major, s_level, age)
VALUES("Cohen Page", "English", "Senior", 24);

INSERT INTO student(sname, major, s_level, age)
VALUES("Taniya Stanley", "Theater", "Freshman", 29);

INSERT INTO student(sname, major, s_level, age)
VALUES("Emanuel Carney", "Theater", "Sophomore", 23);

INSERT INTO student(sname, major, s_level, age)
VALUES("Kendall Waters", "Psychology", "Senior", 23);

INSERT INTO student(sname, major, s_level, age)
VALUES("Eric Boyle", "Theater", "Freshman", 24);

INSERT INTO student(sname, major, s_level, age)
VALUES("Laney Rogers", "Theater", "Senior", 21);

INSERT INTO student(sname, major, s_level, age)
VALUES("Hope Ali", "Chemistry", "Senior", 22);

INSERT INTO student(sname, major, s_level, age)
VALUES("Tate Steele", "English", "Freshman", 19);

INSERT INTO student(sname, major, s_level, age)
VALUES("Diana Rice", "Biology", "Junior", 22);

INSERT INTO courses(cid, cname, meets_at, room, fid, class_limit)
VALUES("CS200", "Intro to CS", "Engineering", "A320", 3, 20);

INSERT INTO courses(cid, cname, meets_at, room, fid, class_limit)
VALUES("CS350", "Operating Systems", "Engineering", "A200", 11, 20);

INSERT INTO courses(cid, cname, meets_at, room, fid, class_limit)
VALUES("ENG100", "Intro to English", "Faner", "C120", 5, 20);

INSERT INTO courses(cid, cname, meets_at, room, fid, class_limit)
VALUES("ENG400", "Advanced English", "Faner", "C450", 17, 20);

INSERT INTO courses(cid, cname, meets_at, room, fid, class_limit)
VALUES("BIO120", "Intro to Biology", "Life Science", "A100", 1, 20);

INSERT INTO courses(cid, cname, meets_at, room, fid, class_limit)
VALUES("BIO300", "Microbiology", "Life Science", "A320", 12, 20);

INSERT INTO courses(cid, cname, meets_at, room, fid, class_limit)
VALUES("CHM100", "Intro to Chemistry", "Life Science", "D101", 2, 20);

INSERT INTO courses(cid, cname, meets_at, room, fid, class_limit)
VALUES("CHM420", "How to make things explode", "Life Science", "C302", 20, 20);

INSERT INTO courses(cid, cname, meets_at, room, fid, class_limit)
VALUES("ENR300", "Mechanical Engineering", "Engineering", "B450", 4, 20);

INSERT INTO courses(cid, cname, meets_at, room, fid, class_limit)
VALUES("ENR320", "Structural Engineering", "Engineering", "B460", 18, 20);

INSERT INTO courses(cid, cname, meets_at, room, fid, class_limit)
VALUES("LAW100", "Intro to Law", "Pulliam", "A300", 6, 20);

INSERT INTO courses(cid, cname, meets_at, room, fid, class_limit)
VALUES("LAW450", "The Constitution", "Pulliam", "B100", 13, 20);

INSERT INTO courses(cid, cname, meets_at, room, fid, class_limit)
VALUES("LNG110", "Intro to Ling", "Faner", "A220", 7, 20);

INSERT INTO courses(cid, cname, meets_at, room, fid, class_limit)
VALUES("LNG210", "Moderate Ling", "Faner", "A250", 16, 20);

INSERT INTO courses(cid, cname, meets_at, room, fid, class_limit)
VALUES("MAT100", "Algebra", "Engineering", "D120", 8, 20);

INSERT INTO courses(cid, cname, meets_at, room, fid, class_limit)
VALUES("MAT400", "Calculus", "Engineering", "D320", 19, 20);

INSERT INTO courses(cid, cname, meets_at, room, fid, class_limit)
VALUES("PSY250", "Effects of Drugs", "Life Science", "A120", 9, 20);

INSERT INTO courses(cid, cname, meets_at, room, fid, class_limit)
VALUES("PSY400", "Psychopharmacology", "Life Science", "B220", 15, 20);

INSERT INTO courses(cid, cname, meets_at, room, fid, class_limit)
VALUES("THT100", "Basic Acting", "Quigley", "A400", 10, 20);

INSERT INTO courses(cid, cname, meets_at, room, fid, class_limit)
VALUES("THT300", "Stunt Science", "Quigley", "A300", 14, 20);

INSERT INTO courses(cid, cname, meets_at, room, fid, class_limit)
VALUES("THT400", "Fame Management", "Quigley", "B420", 14, 20);

INSERT INTO enrolled(sid, cid)
VALUES(1, "BIO120");

INSERT INTO enrolled(sid, cid)
VALUES(3, "BIO300");

INSERT INTO enrolled(sid, cid)
VALUES(73, "CHM420");

INSERT INTO enrolled(sid, cid)
VALUES(8, "CHM420");

INSERT INTO enrolled(sid, cid)
VALUES(6, "CS350");

INSERT INTO enrolled(sid, cid)
VALUES(45, "CS200");

INSERT INTO enrolled(sid, cid)
VALUES(16, "ENR300");

INSERT INTO enrolled(sid, cid)
VALUES(38, "ENR320");

INSERT INTO enrolled(sid, cid)
VALUES(57, "ENG100");

INSERT INTO enrolled(sid, cid)
VALUES(75, "ENG400");

INSERT INTO enrolled(sid, cid)
VALUES(75, "ENR320");

INSERT INTO enrolled(sid, cid)
VALUES(75, "ENR300");

INSERT INTO enrolled(sid, cid)
VALUES(75, "CS200");

INSERT INTO enrolled(sid, cid)
VALUES(75, "LAW100");

INSERT INTO enrolled(sid, cid)
VALUES(22, "LAW100");

INSERT INTO enrolled(sid, cid)
VALUES(41, "LAW450");

INSERT INTO enrolled(sid, cid)
VALUES(74, "LNG110");

INSERT INTO enrolled(sid, cid)
VALUES(24, "LNG210");

INSERT INTO enrolled(sid, cid)
VALUES(77, "MAT100");

INSERT INTO enrolled(sid, cid)
VALUES(42, "MAT400");

INSERT INTO enrolled(sid, cid)
VALUES(88, "PSY400");

INSERT INTO enrolled(sid, cid)
VALUES(69, "PSY250");

INSERT INTO enrolled(sid, cid)
VALUES(52, "THT100");

INSERT INTO enrolled(sid, cid)
VALUES(81, "THT300");

INSERT INTO enrolled(sid, cid)
VALUES(1, "THT300");

INSERT INTO enrolled(sid, cid)
VALUES(2, "THT300");

INSERT INTO enrolled(sid, cid)
VALUES(3, "THT300");

INSERT INTO enrolled(sid, cid)
VALUES(4, "THT300");

INSERT INTO enrolled(sid, cid)
VALUES(5, "THT300");

INSERT INTO enrolled(sid, cid)
VALUES(6, "THT300");

INSERT INTO enrolled(sid, cid)
VALUES(7, "THT300");

INSERT INTO enrolled(sid, cid)
VALUES(8, "THT300");

INSERT INTO enrolled(sid, cid)
VALUES(9, "THT300");

INSERT INTO enrolled(sid, cid)
VALUES(10, "THT300");

INSERT INTO enrolled(sid, cid)
VALUES(11, "THT300");

INSERT INTO enrolled(sid, cid)
VALUES(12, "THT300");

INSERT INTO enrolled(sid, cid)
VALUES(13, "THT300");

INSERT INTO enrolled(sid, cid)
VALUES(14, "THT300");

INSERT INTO enrolled(sid, cid)
VALUES(15, "THT300");

INSERT INTO enrolled(sid, cid)
VALUES(16, "THT300");

INSERT INTO enrolled(sid, cid)
VALUES(17, "THT300");

INSERT INTO enrolled(sid, cid)
VALUES(18, "THT300");

INSERT INTO enrolled(sid, cid)
VALUES(19, "THT300");

INSERT INTO enrolled(sid, cid)
VALUES(25, "THT400");

INSERT INTO enrolled(sid, cid)
VALUES(19, "THT400");

INSERT INTO enrolled(sid, cid)
VALUES(45, "THT400");

INSERT INTO enrolled(sid, cid)
VALUES(62, "THT400");

INSERT INTO enrolled(sid, cid)
VALUES(39, "THT400");